City Number,City,Cloudiness,Date,Humidity,Lat,Lng,Max Temp,Wind Speed
1.0,Hobart,90.0,1586884824,82.0,-42.88,147.33,15.56,3.6
2.0,Punta Arenas,75.0,1586884830,62.0,-53.15,-70.92,12.0,8.7
3.0,Kurumkan,88.0,1586884831,54.0,54.3,110.3,3.01,1.78
4.0,Temerloh,86.0,1586884831,88.0,3.45,102.42,24.01,0.52
5.0,Castro,89.0,1586884831,53.0,-24.79,-50.01,20.48,3.23
6.0,Ribeira Grande,75.0,1586884831,76.0,38.52,-28.7,13.0,9.3
7.0,Saint-Joseph,40.0,1586884831,78.0,-21.37,55.62,25.0,2.1
8.0,Bell Ville,43.0,1586884832,40.0,-32.63,-62.69,22.78,0.89
9.0,Ushuaia,100.0,1586884679,76.0,-54.8,-68.3,9.0,2.58
10.0,Caborca,9.0,1586884832,33.0,30.58,-111.1,22.78,1.34
11.0,Bengkulu,100.0,1586884832,82.0,-3.8,102.27,26.4,1.28
12.0,Saint George,1.0,1586884712,18.0,37.1,-113.58,12.78,1.69
13.0,Kavaratti,84.0,1586884833,72.0,10.57,72.64,29.55,4.72
14.0,Tuktoyaktuk,40.0,1586884833,92.0,69.45,-133.04,-8.0,4.1
15.0,Hithadhoo,49.0,1586884833,64.0,-0.6,73.08,29.83,0.82
16.0,Ternate,97.0,1586884811,79.0,0.8,127.4,26.88,1.91
17.0,Pirenópolis,28.0,1586884833,53.0,-15.85,-48.96,27.58,2.42
18.0,Lavrentiya,100.0,1586884834,97.0,65.58,-171.0,-2.59,4.61
19.0,Rawson,2.0,1586884834,37.0,-43.3,-65.1,18.65,0.74
20.0,Pevek,91.0,1586884834,89.0,69.7,170.31,-14.85,0.76
21.0,Lorengau,94.0,1586884834,75.0,-2.02,147.27,27.42,1.48
22.0,Hilo,90.0,1586884835,88.0,19.73,-155.09,22.0,5.25
23.0,Lugo,51.0,1586884835,100.0,43.0,-7.5,14.44,3.58
24.0,Saint-Philippe,40.0,1586884835,78.0,-21.36,55.77,25.0,2.1
25.0,Rikitea,74.0,1586884835,67.0,-23.12,-134.97,24.71,3.57
26.0,Coelho Neto,99.0,1586884836,92.0,-4.26,-43.01,26.45,1.07
27.0,Carnarvon,29.0,1586884836,78.0,-24.87,113.63,24.0,8.7
28.0,Longyearbyen,75.0,1586884836,94.0,78.22,15.64,0.0,9.8
29.0,Gaza,0.0,1586884836,72.0,31.5,34.47,20.0,3.6
30.0,Aklavik,75.0,1586884837,80.0,68.22,-135.01,-1.0,2.6
31.0,Scarborough,63.0,1586884837,40.0,54.28,-0.4,13.89,3.6
32.0,Barrow,90.0,1586884747,85.0,71.29,-156.79,-11.0,2.1
33.0,Atuona,39.0,1586884837,66.0,-9.8,-139.03,28.05,1.37
34.0,Coahuayana Viejo,5.0,1586884837,39.0,18.73,-103.68,28.0,3.02
35.0,Kapaa,75.0,1586884606,100.0,22.08,-159.32,22.0,1.45
36.0,Kamaishi,0.0,1586884838,69.0,39.27,141.88,5.04,4.24
37.0,Mataura,77.0,1586884838,84.0,-46.19,168.86,6.67,0.45
38.0,Ilulissat,75.0,1586884838,74.0,69.22,-51.1,-2.0,1.5
39.0,Busselton,40.0,1586884838,59.0,-33.65,115.33,12.22,7.14
40.0,Bredasdorp,0.0,1586884838,77.0,-34.53,20.04,16.67,1.0
41.0,Nouadhibou,0.0,1586884838,49.0,20.93,-17.03,23.0,9.8
42.0,Ponta do Sol,40.0,1586884839,55.0,32.67,-17.1,19.0,2.1
43.0,Praia da Vitória,75.0,1586884839,72.0,38.73,-27.07,16.0,5.11
44.0,Srednekolymsk,39.0,1586884839,89.0,67.45,153.68,-25.65,0.63
45.0,Cherskiy,97.0,1586884839,95.0,68.75,161.3,-13.42,4.11
46.0,Marystown,100.0,1586884839,97.0,47.17,-55.15,5.5,9.15
47.0,Nosy Varika,0.0,1586884840,84.0,-20.58,48.53,24.16,0.34
48.0,Narsaq,75.0,1586884822,40.0,60.92,-46.05,1.0,1.0
49.0,Port Hueneme,1.0,1586884695,77.0,34.15,-119.2,21.67,5.7
50.0,Batemans Bay,28.0,1586884840,100.0,-35.72,150.18,13.89,1.65
51.0,Mahébourg,75.0,1586884840,88.0,-20.41,57.7,25.0,8.2
52.0,Bangassou,93.0,1586884841,56.0,4.74,22.82,26.38,0.53
53.0,Kaitangata,80.0,1586884841,58.0,-46.28,169.85,7.78,4.47
54.0,Spassk-Ryazanskiy,100.0,1586884841,77.0,54.41,40.38,5.56,2.24
55.0,Saint-Augustin,98.0,1586884841,90.0,51.23,-58.65,4.05,8.43
56.0,Cape Town,0.0,1586884305,72.0,-33.93,18.42,18.33,7.2
57.0,Nelson Bay,0.0,1586884842,100.0,-32.72,152.15,16.11,1.5
58.0,Torbay,90.0,1586884621,100.0,47.67,-52.73,10.0,13.4
59.0,Togur,60.0,1586884842,95.0,58.36,82.83,1.87,1.39
60.0,Salinópolis,100.0,1586884842,83.0,-0.61,-47.36,26.2,4.62
61.0,Hobyo,46.0,1586884842,74.0,5.35,48.53,29.54,5.95
62.0,Kwang Binh,100.0,1586884843,84.0,17.48,106.6,21.21,1.03
63.0,Vaini,40.0,1586884843,94.0,-21.2,-175.2,22.0,1.5
64.0,Souillac,75.0,1586884843,88.0,-20.52,57.52,25.0,8.2
65.0,George Town,20.0,1586884749,88.0,5.41,100.34,28.0,1.5
66.0,Avarua,82.0,1586884844,73.0,-21.21,-159.78,24.0,2.6
67.0,Itaituba,40.0,1586884844,70.0,-4.28,-55.98,30.0,1.5
68.0,Butaritari,41.0,1586884844,79.0,3.07,172.79,28.72,7.88
69.0,Maragogi,88.0,1586884844,57.0,-9.01,-35.22,29.55,4.07
70.0,Maunabo,20.0,1586884844,70.0,18.01,-65.9,30.0,4.1
71.0,Río Gallegos,3.0,1586884845,36.0,-51.62,-69.22,16.0,3.6
72.0,Kamyshevatskaya,82.0,1586884845,69.0,46.41,37.96,11.19,7.96
73.0,Tuatapere,97.0,1586884845,84.0,-46.13,167.68,6.67,0.45
74.0,Port Hardy,75.0,1586884845,76.0,50.7,-127.42,9.0,1.0
75.0,Buchanan,40.0,1586884845,70.0,5.88,-10.05,31.0,4.1
76.0,Emerald,0.0,1586884846,82.0,-23.53,148.17,19.0,1.5
77.0,Okha,100.0,1586884840,98.0,53.57,142.95,-2.83,4.59
78.0,Puerto Ayora,75.0,1586884846,78.0,-0.74,-90.35,28.0,2.1
79.0,Haverfordwest,0.0,1586884847,62.0,51.8,-4.97,12.78,2.1
80.0,Phayuha Khiri,40.0,1586884847,55.0,15.46,100.14,29.37,2.36
81.0,Lebu,94.0,1586884847,49.0,-37.62,-73.65,16.46,3.39
82.0,Albany,75.0,1586884587,31.0,42.6,-73.97,11.11,7.2
83.0,Hermanus,1.0,1586884847,80.0,-34.42,19.23,18.33,4.09
84.0,Chui,97.0,1586884847,82.0,-33.7,-53.46,16.59,9.05
85.0,Muros,40.0,1586884848,68.0,42.78,-9.06,18.89,2.1
86.0,Haines Junction,45.0,1586884848,62.0,60.75,-137.51,2.5,0.63
87.0,Uray,100.0,1586884686,95.0,60.12,64.78,3.01,1.46
88.0,Faya,20.0,1586884848,82.0,18.39,42.45,19.0,3.6
89.0,Tagusao,2.0,1586884848,72.0,9.19,117.81,26.02,1.3
90.0,Ippy,90.0,1586884848,51.0,6.27,21.22,26.54,1.43
91.0,Hofn,100.0,1586884849,67.0,64.25,-15.21,5.31,6.18
92.0,Tasiilaq,20.0,1586884849,40.0,65.61,-37.64,2.0,5.7
93.0,Banda Aceh,98.0,1586884849,80.0,5.56,95.32,27.04,2.31
94.0,Bluff,73.0,1586884849,84.0,-46.6,168.33,6.67,0.45
95.0,Nikolskoye,75.0,1586884849,91.0,59.7,30.79,2.0,1.0
96.0,Cândido de Abreu,62.0,1586884850,39.0,-24.57,-51.33,26.8,3.04
97.0,Héricourt,0.0,1586884850,28.0,47.57,6.76,14.0,2.6
98.0,Perivoli,40.0,1586884850,67.0,39.42,20.01,17.0,2.1
99.0,Iqaluit,90.0,1586884737,62.0,63.75,-68.51,-7.0,6.7
100.0,Fortuna,1.0,1586884851,66.0,40.6,-124.16,14.44,2.86
101.0,Beckley,20.0,1586884851,39.0,37.78,-81.19,10.56,2.6
102.0,Beidao,6.0,1586884851,37.0,34.57,105.89,12.74,1.81
103.0,Grand Gaube,75.0,1586884851,88.0,-20.01,57.66,25.0,8.2
104.0,Prince George,90.0,1586884851,100.0,53.92,-122.75,4.44,3.6
105.0,Arman',100.0,1586884852,96.0,59.7,150.17,-5.34,0.88
106.0,Grindavik,90.0,1586884581,60.0,63.84,-22.43,5.0,11.3
107.0,Pailón,75.0,1586884852,48.0,-17.65,-62.75,28.0,8.2
108.0,Bollnäs,100.0,1586884852,76.0,61.35,16.39,5.56,3.13
109.0,Ruteng,97.0,1586884852,74.0,-8.61,120.47,18.29,1.13
110.0,Nouna,68.0,1586884853,15.0,12.73,-3.87,39.15,2.93
111.0,Lesosibirsk,39.0,1586884641,85.0,58.24,92.48,4.32,2.68
112.0,Port Alfred,88.0,1586884853,91.0,-33.59,26.89,17.22,0.89
113.0,Minna,20.0,1586884853,33.0,9.61,6.56,38.0,2.6
114.0,Kruisfontein,4.0,1586884853,86.0,-34.0,24.73,14.06,2.5
115.0,Pouébo,99.0,1586884854,84.0,-20.4,164.57,23.62,3.86
116.0,Mossamedes,1.0,1586884854,71.0,-15.2,12.15,23.55,4.41
117.0,Port Elizabeth,18.0,1586884712,93.0,-33.92,25.57,17.0,2.6
118.0,Lima,53.0,1586884687,100.0,-12.04,-77.03,15.0,3.6
119.0,Mount Isa,30.0,1586884854,29.0,-20.73,139.5,25.0,2.1
120.0,Jamestown,20.0,1586884593,37.0,42.1,-79.24,5.56,5.7
121.0,Taoudenni,94.0,1586884855,32.0,22.68,-3.98,30.27,6.71
122.0,São Filipe,41.0,1586884855,74.0,14.9,-24.5,23.18,8.73
123.0,Villaviciosa,20.0,1586884855,77.0,43.48,-5.44,16.67,8.7
124.0,Saint Paul Harbor,90.0,1586884590,93.0,57.79,-152.41,5.0,3.9
125.0,Tateyama,3.0,1586884855,52.0,34.98,139.87,8.0,3.6
126.0,Mil'kovo,100.0,1586884855,89.0,54.72,158.62,-4.03,1.55
127.0,Palmer,75.0,1586884856,34.0,42.16,-72.33,13.89,8.2
128.0,Bend,1.0,1586884856,15.0,44.06,-121.32,14.44,2.1
129.0,Katsuura,0.0,1586884856,52.0,35.13,140.3,8.0,3.6
130.0,Wahpeton,100.0,1586884856,73.0,46.27,-96.61,-5.56,3.6
131.0,Kayerkan,36.0,1586884856,84.0,69.35,87.76,-16.0,5.0
132.0,Lompoc,1.0,1586884820,82.0,34.64,-120.46,18.33,3.46
133.0,Sabang,99.0,1586884857,77.0,5.89,95.32,28.48,3.63
134.0,Bethel,90.0,1586884743,40.0,41.37,-73.41,12.78,3.1
135.0,Kroya,12.0,1586884857,81.0,-7.63,109.25,26.09,0.32
136.0,São João da Barra,20.0,1586884857,65.0,-21.64,-41.05,28.0,7.2
137.0,São Joaquim,40.0,1586884858,38.0,-28.29,-49.93,16.31,5.09
138.0,Lityn,75.0,1586884858,64.0,49.33,28.08,2.0,3.0
139.0,Seminole,1.0,1586884757,62.0,28.71,-81.21,32.22,2.6
140.0,Santa Cruz de Barahona,20.0,1586884858,62.0,18.21,-71.1,31.0,10.3
141.0,Pudozh,100.0,1586884858,88.0,61.81,36.53,1.05,1.9
142.0,Willowmore,0.0,1586884859,56.0,-33.29,23.49,12.96,2.87
143.0,Esperance,40.0,1586884859,93.0,-33.87,121.9,16.0,3.1
144.0,Mendi,100.0,1586884859,55.0,-6.18,143.65,12.3,1.19
145.0,Mar del Plata,20.0,1586884816,36.0,-38.0,-57.56,17.78,6.7
146.0,Dingle,0.0,1586884859,83.0,11.0,122.67,25.37,2.9
147.0,Upernavik,100.0,1586884860,93.0,72.79,-56.15,-4.19,3.51
148.0,Mata,33.0,1586884860,53.0,40.68,-7.46,17.22,0.89
149.0,Nanortalik,14.0,1586884860,93.0,60.14,-45.24,-0.73,4.67
150.0,Norman Wells,90.0,1586884860,94.0,65.28,-126.83,0.0,8.2
151.0,Konya Province,40.0,1586884860,33.0,38.17,32.5,17.0,4.1
152.0,Coihueco,97.0,1586884861,37.0,-36.62,-71.83,20.0,2.1
153.0,Hasaki,20.0,1586884861,52.0,35.73,140.83,7.0,1.5
154.0,Sechura,33.0,1586884861,65.0,-5.56,-80.82,25.68,3.5
155.0,Arraial do Cabo,42.0,1586884662,61.0,-22.97,-42.03,28.0,8.2
156.0,Saskylakh,99.0,1586884597,91.0,71.92,114.08,-17.43,7.57
157.0,Chokurdakh,52.0,1586884861,89.0,70.63,147.92,-26.68,2.3
158.0,Provideniya,100.0,1586884862,96.0,64.38,-173.3,-3.34,5.23
159.0,Tikrit,0.0,1586884862,26.0,34.61,43.68,21.47,3.49
160.0,Camocim,78.0,1586884862,74.0,-2.9,-40.84,28.71,2.96
161.0,Kumul,63.0,1586884862,29.0,42.8,93.45,20.15,7.62
162.0,Olafsvik,100.0,1586884862,72.0,64.89,-23.71,4.04,11.69
163.0,Klaksvík,100.0,1586884862,100.0,62.23,-6.59,7.0,6.7
164.0,New Norfolk,90.0,1586884863,82.0,-42.78,147.06,15.56,3.6
165.0,Naze,96.0,1586884863,87.0,28.37,129.48,11.0,1.5
166.0,Cidreira,42.0,1586884863,61.0,-30.18,-50.21,20.31,11.34
167.0,Betsiamites,75.0,1586884863,44.0,48.94,-68.65,5.0,10.8
168.0,Yakeshi,95.0,1586884863,49.0,49.28,120.73,3.64,5.75
169.0,Utete,100.0,1586884864,93.0,-7.99,38.76,24.4,1.5
170.0,Vila Velha,40.0,1586884864,61.0,-20.33,-40.29,27.22,3.1
171.0,Tsabong,0.0,1586884864,17.0,-26.02,22.4,19.76,4.65
172.0,Poum,100.0,1586884864,78.0,-20.23,164.02,25.95,5.75
173.0,Pangody,100.0,1586884864,98.0,65.85,74.49,-0.35,3.84
174.0,Leningradskiy,80.0,1586884865,89.0,69.38,178.42,-14.59,1.59
175.0,Pangnirtung,40.0,1586884865,66.0,66.15,-65.71,-10.0,1.0
176.0,Nabannagan West,54.0,1586884865,90.0,18.07,121.53,20.84,0.91
177.0,Moses Lake,90.0,1586884840,35.0,47.13,-119.28,15.56,2.6
178.0,Prince Rupert,90.0,1586884863,100.0,54.32,-130.32,7.0,2.6
179.0,Cuauhtémoc,0.0,1586884612,23.0,28.42,-106.87,16.11,2.68
180.0,Beringovskiy,100.0,1586884596,98.0,63.05,179.32,-4.76,4.04
181.0,Lampa,58.0,1586884866,33.0,-33.28,-70.9,26.11,2.6
182.0,Fort-Shevchenko,0.0,1586884866,70.0,44.51,50.26,9.86,9.82
183.0,Winslow,1.0,1586884867,33.0,35.02,-110.7,7.0,3.6
184.0,Faanui,50.0,1586884867,71.0,-16.48,-151.75,27.87,2.64
185.0,Egvekinot,100.0,1586884867,92.0,66.32,-179.17,-8.47,3.23
186.0,Sørland,75.0,1586884868,100.0,67.67,12.69,5.0,7.7
187.0,Jalu,0.0,1586884811,16.0,29.03,21.55,26.77,4.88
188.0,Peniche,75.0,1586884868,59.0,39.36,-9.38,18.0,3.6
189.0,Suntar,36.0,1586884868,92.0,62.14,117.63,0.09,2.65
190.0,Rongcheng,83.0,1586884868,75.0,30.63,117.85,12.18,2.03
191.0,Bonavista,100.0,1586884868,81.0,48.65,-53.11,6.11,3.58
192.0,Kilis,27.0,1586884869,44.0,36.72,37.12,16.0,1.76
193.0,Ugoofaaru,44.0,1586884869,65.0,5.67,73.0,30.18,2.59
194.0,Moerai,78.0,1586884869,73.0,-22.43,-151.33,25.07,5.44
195.0,Hambantota,50.0,1586884869,79.0,6.12,81.12,28.03,3.63
196.0,Ağdam,32.0,1586884869,67.0,39.99,46.93,9.82,1.25
197.0,Byron Bay,4.0,1586884870,93.0,-28.65,153.62,17.22,1.25
198.0,Serebryansk,28.0,1586884870,80.0,49.69,83.29,4.0,2.0
199.0,Antón Lizardo,75.0,1586884870,62.0,19.05,-95.98,31.67,5.1
200.0,Los Corrales de Buelna,34.0,1586884870,77.0,43.26,-4.07,17.22,5.7
201.0,Airai,94.0,1586884870,68.0,-8.93,125.41,16.0,0.95
202.0,Namatanai,92.0,1586884871,76.0,-3.67,152.43,27.17,1.82
203.0,Połczyn-Zdrój,24.0,1586884871,51.0,53.76,16.1,5.56,1.79
204.0,Graaff-Reinet,38.0,1586884871,64.0,-32.25,24.53,14.44,0.89
205.0,Severo-Kuril'sk,99.0,1586884871,93.0,50.68,156.12,-1.76,6.74
206.0,Evensk,74.0,1586884872,87.0,61.95,159.23,-12.05,2.79
207.0,Yellowknife,90.0,1586884872,67.0,62.46,-114.35,-3.33,3.6
208.0,Ust-Kuyga,99.0,1586884872,89.0,70.02,135.6,-12.99,1.49
209.0,Dover,75.0,1586884710,45.0,39.16,-75.52,13.89,3.1
210.0,Adrar,93.0,1586884872,59.0,20.5,-10.07,22.95,11.08
211.0,Ambulu,4.0,1586884873,76.0,-8.35,113.61,25.87,1.45
212.0,Boguchany,19.0,1586884873,82.0,58.38,97.45,2.37,0.98
213.0,Salinas,1.0,1586884672,76.0,36.68,-121.66,19.44,4.6
214.0,Fes,40.0,1586884782,49.0,34.04,-5.0,21.0,2.1
215.0,Gremyachinsk,34.0,1586884873,66.0,58.56,57.85,1.11,1.21
216.0,Aksarka,100.0,1586884874,99.0,66.56,67.8,-0.32,2.95
217.0,Hamilton,20.0,1586884581,39.0,39.18,-84.53,8.33,2.1
218.0,Bukachacha,90.0,1586884874,69.0,52.98,116.92,0.01,2.47
219.0,Behbahān,0.0,1586884874,22.0,30.6,50.24,25.0,4.1
220.0,Thompson,40.0,1586884874,52.0,55.74,-97.86,-9.0,5.1
221.0,Kankan,70.0,1586884874,34.0,10.39,-9.31,33.82,0.64
222.0,San Patricio,5.0,1586884875,69.0,19.22,-104.7,25.0,5.1
223.0,Cockburn Town,16.0,1586884875,81.0,21.46,-71.14,26.04,8.1
224.0,Hong Kong,20.0,1586884665,60.0,22.29,114.16,21.0,3.1
225.0,Mount Darwin,44.0,1586884875,43.0,-16.77,31.58,23.16,1.0
226.0,Kollam,40.0,1586884876,66.0,8.88,76.6,31.0,1.5
227.0,Codrington,100.0,1586884663,44.0,-38.27,141.97,16.77,3.78
228.0,Ostrovnoy,89.0,1586884876,85.0,68.05,39.51,1.95,5.88
229.0,Cap Malheureux,75.0,1586884876,88.0,-19.98,57.61,25.0,8.2
230.0,Mayo,90.0,1586884876,40.0,38.89,-76.51,14.44,1.5
231.0,Sinnamary,77.0,1586884877,66.0,5.38,-52.95,27.44,4.32
232.0,Batagay,100.0,1586884877,91.0,67.63,134.63,-12.26,2.67
233.0,Henties Bay,1.0,1586884877,85.0,-22.12,14.28,16.11,0.89
234.0,Melk,81.0,1586884877,36.0,48.23,15.33,8.0,6.2
235.0,Elko,1.0,1586884877,24.0,41.0,-115.5,9.44,5.7
236.0,Vanimo,65.0,1586884878,81.0,-2.67,141.3,26.64,1.8
237.0,Tawang Town,62.0,1586884745,28.0,27.58,91.87,7.1,1.36
238.0,Krasnosel'kup,86.0,1586884878,98.0,65.7,82.47,-3.41,3.23
239.0,Vostok,61.0,1586884878,82.0,46.49,135.88,-2.4,0.97
240.0,Marathon,90.0,1586884878,67.0,44.9,-89.77,-1.11,6.7
241.0,Flin Flon,5.0,1586884878,34.0,54.77,-101.86,-7.0,2.1
242.0,Mazatlán,20.0,1586884858,44.0,23.22,-106.42,25.0,2.1
243.0,Camacha,20.0,1586884879,59.0,33.08,-16.33,19.0,9.8
244.0,Puro,2.0,1586884879,77.0,12.48,123.38,26.9,4.57
245.0,San Ignacio,5.0,1586884879,49.0,17.16,-89.07,34.0,3.1
246.0,Labuhan,21.0,1586884879,81.0,-6.88,112.21,26.15,0.67
247.0,Kosino,52.0,1586884880,87.0,58.41,51.28,0.89,2.18
248.0,Te Anau,74.0,1586884814,74.0,-45.42,167.72,2.93,0.99
249.0,Boo,75.0,1586884880,56.0,59.33,18.28,7.78,7.2
250.0,Margate,10.0,1586884880,61.0,51.38,1.39,10.56,4.6
251.0,Lianzhou,31.0,1586884880,66.0,24.78,112.38,12.96,0.66
252.0,Wau,96.0,1586884881,19.0,7.7,28.0,30.08,0.47
253.0,Pauini,53.0,1586884881,77.0,-7.71,-66.98,30.0,1.21
254.0,Coyhaique,67.0,1586884881,50.0,-45.58,-72.07,14.0,2.6
255.0,Mandalgovi,0.0,1586884881,43.0,45.76,106.27,0.02,6.62
256.0,Geraldton,75.0,1586884882,72.0,-28.77,114.6,19.0,4.1
257.0,Santa Maria,90.0,1586884651,72.0,-29.68,-53.81,17.0,9.3
258.0,Elizabeth City,1.0,1586884659,55.0,36.29,-76.25,18.0,3.6
259.0,Lahuachaca,37.0,1586884882,8.0,-17.37,-67.67,14.88,4.45
260.0,Cantanhede,97.0,1586884882,94.0,-3.63,-44.38,25.2,1.96
261.0,Ancud,20.0,1586884883,100.0,-41.87,-73.82,11.0,2.1
262.0,Rio Pardo de Minas,79.0,1586884883,60.0,-15.61,-42.54,24.54,3.65
263.0,Tadine,94.0,1586884883,83.0,-21.55,167.88,23.87,6.21
264.0,Alofi,100.0,1586884883,94.0,-19.06,-169.92,23.0,2.1
265.0,Ukiah,1.0,1586884883,50.0,39.15,-123.21,19.44,0.95
266.0,Scottsboro,1.0,1586884647,44.0,34.67,-86.03,14.44,2.6
267.0,Zhigansk,98.0,1586884884,94.0,66.77,123.37,-5.07,10.11
268.0,Tucumcari,90.0,1586884884,74.0,35.17,-103.72,1.0,1.5
269.0,Kanbe,21.0,1586884884,83.0,16.71,96.0,27.0,2.6
270.0,Tarko-Sale,100.0,1586884884,93.0,64.92,77.78,-3.33,4.63
271.0,Yeniseysk,10.0,1586884884,87.0,58.45,92.17,4.06,2.27
272.0,Shimoda,0.0,1586884885,90.0,34.67,138.95,5.56,0.72
273.0,Penzance,20.0,1586884885,66.0,50.12,-5.54,11.0,8.2
274.0,Karasjok,75.0,1586884885,74.0,69.47,25.51,2.0,1.5
275.0,Ust'-Kan,13.0,1586884885,58.0,50.93,84.76,3.33,0.51
276.0,Rafai,93.0,1586884885,45.0,4.95,23.92,26.75,0.81
277.0,Villa Carlos Paz,9.0,1586884886,26.0,-31.42,-64.5,24.44,2.6
278.0,Kavieng,100.0,1586884886,74.0,-2.57,150.8,27.98,2.48
279.0,Qaanaaq,100.0,1586884886,94.0,77.48,-69.36,-5.09,2.58
280.0,Oodweyne,38.0,1586884886,38.0,9.41,45.06,27.52,6.0
281.0,Salaga,21.0,1586884886,35.0,8.55,-0.52,35.33,1.42
282.0,Sémbé,36.0,1586884887,59.0,1.65,14.58,26.96,0.74
283.0,Shizunai-furukawachō,50.0,1586884872,75.0,42.33,142.37,3.03,2.06
284.0,Iskateley,97.0,1586884887,94.0,67.68,53.15,1.27,5.25
285.0,Waterloo,40.0,1586884851,44.0,43.47,-80.52,6.11,8.2
286.0,Puerto Baquerizo Moreno,84.0,1586884888,81.0,-0.9,-89.6,25.72,3.11
287.0,Saldanha,0.0,1586884696,60.0,-33.01,17.94,20.0,6.7
288.0,Morant Bay,20.0,1586884888,70.0,17.88,-76.41,30.0,8.7
289.0,Salalah,20.0,1586884888,69.0,17.02,54.09,28.0,3.1
290.0,Anderson,1.0,1586884778,55.0,34.53,-82.65,22.78,1.45
291.0,Røros,75.0,1586884888,100.0,62.57,11.38,2.0,1.5
292.0,Broadford,92.0,1586884889,63.0,-37.2,145.07,18.33,5.7
293.0,Rosarito,20.0,1586884889,67.0,32.33,-117.03,19.44,2.6
294.0,Okhotsk,32.0,1586884889,96.0,59.38,143.3,-5.41,2.16
295.0,Fairbanks,1.0,1586884632,83.0,64.84,-147.72,2.78,3.1
296.0,Worland,40.0,1586884889,51.0,44.02,-107.96,1.67,2.6
297.0,Ranong,88.0,1586884890,78.0,9.97,98.63,27.16,1.62
298.0,Natal,40.0,1586884890,55.0,-5.79,-35.21,32.0,5.7
299.0,Severobaykal'sk,0.0,1586884890,71.0,55.65,109.32,-1.32,1.32
300.0,Sarangani,21.0,1586884890,79.0,5.4,125.46,27.95,7.37
301.0,Lázaro Cárdenas,95.0,1586884891,45.0,17.96,-102.2,29.08,3.64
302.0,Ingrāj Bāzār,0.0,1586884891,34.0,25.0,88.15,29.98,4.38
303.0,Faranah,53.0,1586884891,32.0,10.04,-10.74,33.6,2.21
304.0,Qena,0.0,1586884891,24.0,26.16,32.72,27.0,7.2
305.0,Oktyabr'skoye,34.0,1586884891,54.0,43.06,44.74,12.0,5.0
306.0,Presidente Médici,36.0,1586884892,77.0,-11.18,-61.9,29.34,2.05
307.0,Anshun,0.0,1586884892,58.0,26.25,105.93,11.31,1.94
308.0,Matveyevka,38.0,1586884892,52.0,52.15,56.18,6.0,3.0
309.0,Namie,0.0,1586884892,62.0,37.48,141.0,6.67,1.32
310.0,Nantucket,1.0,1586884761,40.0,41.28,-70.1,13.0,3.1
311.0,Southbridge,1.0,1586884892,37.0,42.08,-72.03,14.44,4.1
312.0,Rondonópolis,87.0,1586884593,62.0,-16.47,-54.64,29.65,2.45
313.0,Fare,38.0,1586884893,70.0,-16.7,-151.02,28.39,2.23
314.0,Nueva Concepción,20.0,1586884893,52.0,14.2,-91.3,33.0,3.72
315.0,Banjar,20.0,1586884893,94.0,-8.19,114.97,27.0,2.6
316.0,Tabou,93.0,1586884893,75.0,4.42,-7.35,28.56,2.5
317.0,Greenville,1.0,1586884894,49.0,35.61,-77.37,22.22,2.6
318.0,Naifaru,69.0,1586884868,66.0,5.44,73.37,30.38,3.47
319.0,Talnakh,30.0,1586884894,84.0,69.49,88.4,-16.0,5.0
320.0,Tura,30.0,1586884894,41.0,25.52,90.22,25.0,0.41
321.0,Opuwo,68.0,1586884894,28.0,-18.06,13.84,26.19,1.36
322.0,Foumban,46.0,1586884894,49.0,5.73,10.9,23.17,0.16
323.0,Hirara,22.0,1586884894,49.0,24.8,125.28,18.49,0.73
324.0,Presidencia Roque Sáenz Peña,0.0,1586884895,27.0,-26.79,-60.44,24.41,3.52
325.0,Hayesville,1.0,1586884895,53.0,44.99,-122.98,14.44,3.1
326.0,Lashio,1.0,1586884895,34.0,22.93,97.75,20.67,0.46
327.0,Abu Dhabi,1.0,1586884895,69.0,24.47,54.37,26.67,4.1
328.0,Hollins,75.0,1586884895,43.0,37.34,-79.94,15.0,1.5
329.0,Wajima,0.0,1586884895,68.0,37.4,136.9,9.67,7.8
330.0,Sur,64.0,1586884896,54.0,22.57,59.53,28.26,2.68
331.0,Maningrida,3.0,1586884896,90.0,-12.07,134.27,24.63,4.41
332.0,Husavik,20.0,1586884896,41.0,66.04,-17.34,6.0,12.9
333.0,Khatanga,5.0,1586884896,90.0,71.97,102.5,-20.6,2.74
334.0,Biak,100.0,1586884896,72.0,-0.91,122.88,27.1,1.22
335.0,Ryōtsu-minato,0.0,1586884897,81.0,38.08,138.43,6.0,1.5
336.0,Road Town,40.0,1586884897,66.0,18.42,-64.62,30.0,6.7
337.0,Madang,100.0,1586884897,81.0,-5.22,145.8,25.34,1.41
338.0,Iiyama,0.0,1586884897,87.0,36.85,138.37,5.0,1.49
339.0,Yining,6.0,1586884897,74.0,29.04,114.56,12.29,1.04
340.0,Tiksi,100.0,1586884898,95.0,71.69,128.87,-12.62,3.11
341.0,Port Macquarie,40.0,1586884898,100.0,-31.43,152.92,15.0,1.83
342.0,Vardø,75.0,1586884898,94.0,70.37,31.11,1.0,5.7
343.0,Xiongyue,98.0,1586884898,43.0,40.18,122.12,11.49,3.14
344.0,Marsh Harbour,97.0,1586884898,76.0,26.54,-77.06,26.22,5.97
345.0,Boa Vista,40.0,1586884845,36.0,2.82,-60.67,34.0,4.6
346.0,Manono,77.0,1586884899,77.0,-7.3,27.42,22.99,1.22
347.0,La Asuncion,2.0,1586884899,100.0,11.03,-63.86,22.0,7.2
348.0,Shihezi,92.0,1586884899,50.0,44.3,86.03,16.65,1.81
349.0,Dhankutā,96.0,1586884899,37.0,26.98,87.33,20.68,2.97
350.0,Torbat-e Jām,84.0,1586884899,49.0,35.24,60.62,7.99,3.92
351.0,Bucerías,40.0,1586884900,57.0,20.75,-105.33,24.0,3.1
352.0,Lamar,90.0,1586884900,54.0,33.67,-95.58,13.0,3.1
353.0,Severo-Yeniseyskiy,1.0,1586884900,78.0,60.37,93.04,0.3,1.04
354.0,Wakkanai,100.0,1586884900,93.0,45.41,141.67,0.1,3.83
355.0,Sept-Îles,40.0,1586884886,48.0,50.2,-66.38,6.0,10.8
356.0,Miramar,20.0,1586884900,52.0,25.99,-80.23,33.89,4.6
357.0,Bereket,0.0,1586884900,35.0,39.24,55.52,13.83,6.31
358.0,Camacupa,94.0,1586884901,59.0,-12.02,17.48,18.92,0.92
359.0,Yangi Marg`ilon,90.0,1586884901,82.0,40.43,71.72,14.0,0.76
360.0,Oussouye,70.0,1586884901,69.0,12.48,-16.55,34.0,4.1
361.0,Ust'-Kulom,100.0,1586884901,93.0,61.69,53.69,1.76,1.88
362.0,Bontang,46.0,1586884902,80.0,0.13,117.5,26.46,3.95
363.0,Namanga,98.0,1586884902,59.0,-2.54,36.79,20.66,3.35
364.0,Nhulunbuy,46.0,1586884902,76.0,-12.23,136.77,27.82,5.89
365.0,Aswān,0.0,1586884902,5.0,24.09,32.91,28.0,4.6
366.0,Dikson,99.0,1586884902,96.0,73.51,80.55,-11.64,4.82
367.0,Nortelândia,31.0,1586884902,70.0,-14.45,-56.8,29.15,3.03
368.0,Vrútky,20.0,1586884903,44.0,49.11,18.92,6.0,4.1
369.0,Molina,70.0,1586884903,40.0,-35.12,-71.28,23.89,2.6
370.0,Yulara,23.0,1586884903,17.0,-25.24,130.99,22.0,3.1
371.0,Ust-Nera,68.0,1586884903,81.0,64.57,143.2,-15.86,0.04
372.0,Lodja,86.0,1586884903,76.0,-3.48,23.43,24.54,1.06
373.0,Filingué,51.0,1586884903,9.0,14.35,3.32,35.53,3.72
374.0,Atar,37.0,1586884903,14.0,20.52,-13.05,33.9,7.48
375.0,Chu,100.0,1586884904,74.0,43.6,73.76,11.38,6.6
376.0,Barra de Tecoanapa,40.0,1586884904,51.0,16.52,-98.75,30.79,4.38
377.0,Mahibadhoo,26.0,1586884868,68.0,3.78,72.97,29.94,3.1
378.0,Omsukchan,100.0,1586884904,89.0,62.53,155.8,-10.52,1.95
379.0,Bambous Virieux,75.0,1586884904,88.0,-20.34,57.76,25.0,8.2
380.0,Kahului,40.0,1586884904,83.0,20.89,-156.47,23.0,2.6
381.0,Russell,1.0,1586884905,64.0,32.35,-85.2,22.0,1.5
382.0,Motzorongo,48.0,1586884905,33.0,18.63,-96.73,34.61,2.38
383.0,Cabo San Lucas,5.0,1586884638,47.0,22.89,-109.91,26.67,3.1
384.0,Tilichiki,100.0,1586884905,95.0,60.47,166.1,-10.97,3.42
385.0,Tamworth,4.0,1586884905,37.0,52.63,-1.7,14.44,1.0
386.0,Harper,89.0,1586884906,74.0,4.38,-7.72,28.64,2.51
387.0,Bendigo,100.0,1586884906,84.0,-36.77,144.28,11.67,2.06
388.0,Ughelli,100.0,1586884906,85.0,5.49,6.01,27.44,2.61
389.0,Blovice,75.0,1586884906,33.0,49.58,13.54,8.33,2.6
390.0,Lunderskov,58.0,1586884906,65.0,55.48,9.3,8.0,7.7
391.0,Caravelas,47.0,1586884907,82.0,-17.71,-39.25,26.31,4.37
392.0,Baiyin,58.0,1586884907,26.0,36.56,104.21,16.11,3.0
393.0,Tortolì,40.0,1586884907,77.0,39.93,9.66,18.0,3.1
394.0,Oktyabr'skiy,29.0,1586884907,66.0,54.48,53.47,4.29,1.57
395.0,Yerbogachën,14.0,1586884907,82.0,61.28,108.01,0.79,1.67
396.0,Sioux Lookout,75.0,1586884908,52.0,50.1,-91.92,-6.0,5.7
397.0,San Isidro,49.0,1586884908,100.0,-12.12,-77.05,15.0,4.1
398.0,Manuk Mangkaw,37.0,1586884908,67.0,4.8,119.85,28.15,3.17
399.0,Gushikawa,90.0,1586884908,82.0,26.35,127.87,19.0,0.97
400.0,Pryyutivka,100.0,1586884909,85.0,48.72,33.07,4.57,7.84
401.0,Acapulco de Juárez,20.0,1586884743,74.0,16.86,-99.89,28.0,4.1
402.0,Sayyan,51.0,1586884909,37.0,15.17,44.32,16.56,1.25
403.0,Bloomington,75.0,1586884909,58.0,44.84,-93.3,-1.11,6.2
404.0,Zharkent,96.0,1586884909,44.0,44.16,80.0,15.53,4.37
405.0,Leh,78.0,1586884909,15.0,34.17,77.58,4.82,2.38
406.0,Zubova Polyana,84.0,1586884910,51.0,54.08,42.84,10.34,5.99
407.0,Richards Bay,92.0,1586884910,92.0,-28.78,32.04,21.55,8.77
408.0,Yar-Sale,96.0,1586884910,99.0,66.83,70.83,-1.87,3.02
409.0,Praia,75.0,1586884910,51.0,14.92,-23.51,28.0,8.2
410.0,Akdepe,0.0,1586884910,42.0,42.06,59.38,10.0,2.1
411.0,Oranjemund,0.0,1586884910,84.0,-28.55,16.43,14.46,6.53
412.0,Truro,2.0,1586884911,62.0,50.27,-5.05,11.11,5.1
413.0,Westport,40.0,1586884782,34.0,41.14,-73.36,13.33,3.1
414.0,Skjervøy,100.0,1586884911,83.0,70.03,20.97,1.27,7.55
415.0,Killybegs,48.0,1586884911,66.0,54.63,-8.45,12.22,4.1
416.0,Chipiona,20.0,1586884911,68.0,36.74,-6.44,21.67,6.7
417.0,Vera Cruz,75.0,1586884912,88.0,-12.63,-41.03,25.0,1.5
418.0,Saint-François,0.0,1586884912,16.0,46.42,3.91,17.0,6.7
419.0,Tommot,3.0,1586884912,93.0,58.96,126.29,-4.0,0.85
420.0,Samarai,82.0,1586884912,83.0,-10.62,150.67,26.8,3.05
421.0,Sarny,73.0,1586884912,66.0,51.34,26.6,3.57,3.86
422.0,Bida,36.0,1586884912,24.0,9.08,6.02,36.53,1.46
423.0,Tangier,75.0,1586884644,63.0,35.78,-5.81,21.67,1.0
424.0,La Ligua,1.0,1586884794,49.0,-32.45,-71.23,20.0,5.1
425.0,Erdemli,4.0,1586884913,54.0,36.6,34.31,17.86,2.22
426.0,Bredy,55.0,1586884913,78.0,52.42,60.34,1.53,5.59
427.0,Biggar,94.0,1586884913,57.0,55.62,-3.52,12.78,5.7
428.0,Gravdal,90.0,1586884914,86.0,68.12,13.5,3.0,3.6
429.0,Villamontes,90.0,1586884914,53.0,-21.25,-63.5,23.0,5.1
430.0,Tartagal,92.0,1586884914,32.0,-22.52,-63.8,24.62,1.37
431.0,Den Helder,90.0,1586884842,65.0,52.96,4.76,9.44,4.1
432.0,Eyrarbakki,90.0,1586884914,65.0,63.86,-21.15,5.0,8.2
433.0,Korla,53.0,1586884914,17.0,41.76,86.15,19.58,3.59
434.0,Portland,1.0,1586884617,35.0,45.52,-122.68,15.0,1.66
435.0,Lyuban',72.0,1586884915,66.0,52.8,28.0,3.53,3.61
436.0,Harrismith,98.0,1586884915,57.0,-28.27,29.13,11.8,2.51
437.0,Coquimbo,20.0,1586884915,72.0,-29.95,-71.34,18.0,7.2
438.0,Jining,100.0,1586884915,61.0,35.41,116.58,11.69,3.74
439.0,Derzhavīnsk,65.0,1586884916,64.0,51.1,66.32,4.29,6.33
440.0,Flinders,37.0,1586884916,82.0,-34.58,150.86,17.78,4.6
441.0,Umluj,0.0,1586884916,49.0,25.02,37.27,21.71,2.78
442.0,Ilhéus,75.0,1586884881,94.0,-14.79,-39.05,25.0,2.6
443.0,Sabha,11.0,1586884916,10.0,27.04,14.43,32.29,2.93
444.0,Villazón,75.0,1586884917,9.0,-22.09,-65.59,15.44,1.72
445.0,Camapuã,61.0,1586884917,64.0,-19.53,-54.04,27.51,2.76
446.0,Laguna,1.0,1586884917,31.0,38.42,-121.42,19.44,5.7
447.0,Vila Franca do Campo,40.0,1586884917,72.0,37.72,-25.43,16.0,5.7
448.0,Havre-St-Pierre,90.0,1586884917,69.0,50.23,-63.6,4.0,12.3
449.0,Warmbad,0.0,1586884917,23.0,-28.45,18.73,17.2,3.03
450.0,East London,100.0,1586884684,71.0,-33.02,27.91,18.6,2.43
451.0,Eyl,85.0,1586884918,72.0,7.98,49.82,29.19,5.49
452.0,Matangad,5.0,1586884918,78.0,8.58,124.37,25.76,0.86
453.0,Mehamn,75.0,1586884918,74.0,71.04,27.85,2.0,2.6
454.0,Boffa,69.0,1586884918,60.0,10.17,-14.03,29.64,4.82
455.0,Fukuechō,100.0,1586884918,54.0,32.69,128.84,15.56,4.38
456.0,Havelock,1.0,1586884805,56.0,34.88,-76.9,24.0,7.2
457.0,Nago,90.0,1586884918,82.0,26.59,127.98,19.0,1.39
458.0,Linhares,84.0,1586884747,66.0,-19.39,-40.07,26.81,2.6
459.0,Parrita,40.0,1586884919,51.0,9.52,-84.32,30.0,7.2
460.0,Lata,40.0,1586884919,59.0,40.16,-8.33,20.56,4.6
461.0,Boyabat,89.0,1586884919,41.0,41.47,34.77,13.93,1.38
462.0,Ankang,2.0,1586884919,36.0,32.68,109.02,10.0,4.02
463.0,Mariehamn,100.0,1586884920,55.0,60.1,19.93,4.0,3.6
464.0,Grootfontein,15.0,1586884920,30.0,-19.57,18.12,21.91,1.09
465.0,Cherëmukhovo,98.0,1586884920,91.0,60.35,59.99,2.55,2.28
466.0,Daru,73.0,1586884920,85.0,-9.08,143.21,26.39,4.3
467.0,Touros,40.0,1586884920,55.0,-5.2,-35.46,32.0,4.6
468.0,Idukki,25.0,1586884747,67.0,9.85,76.97,22.1,0.73
469.0,Nador,20.0,1586884833,82.0,35.17,-2.93,18.0,3.6
470.0,Yumen,67.0,1586884921,18.0,40.28,97.2,15.72,2.26
471.0,Pisco,75.0,1586884921,30.0,-13.7,-76.22,22.0,2.6
472.0,Sitka,90.0,1586884881,87.0,57.05,-135.33,7.0,1.01
473.0,Narasannapeta,0.0,1586884921,81.0,18.42,84.05,26.43,3.2
474.0,Shelburne,20.0,1586884921,35.0,44.08,-80.2,6.11,9.3
475.0,Jinchang,95.0,1586884921,17.0,38.5,102.17,14.1,1.47
476.0,Isangel,100.0,1586884922,77.0,-19.55,169.27,25.84,5.23
477.0,Kozhva,75.0,1586884922,97.0,65.11,57.05,-0.11,1.43
478.0,Kudahuvadhoo,45.0,1586884922,67.0,2.67,72.89,29.45,1.48
479.0,Leirvik,75.0,1586884922,87.0,59.78,5.5,6.0,7.2
480.0,Mabaruma,9.0,1586884922,48.0,8.2,-59.78,30.89,3.9
481.0,Kargasok,73.0,1586884923,95.0,59.06,80.86,1.53,2.28
482.0,Auki,20.0,1586884923,77.0,-8.77,160.7,27.72,3.39
483.0,Kutum,6.0,1586884923,13.0,14.2,24.67,21.35,4.61
484.0,Kiryat Gat,0.0,1586884923,72.0,31.61,34.76,20.0,3.6
485.0,Ulladulla,32.0,1586884923,82.0,-35.35,150.47,16.11,4.6
486.0,Bilibino,75.0,1586884923,85.0,68.05,166.44,-16.66,0.69
487.0,Liverpool,8.0,1586884794,46.0,53.41,-2.98,14.44,1.5
488.0,Thayetmyo,1.0,1586884924,54.0,19.32,95.18,25.95,2.11
489.0,Walvis Bay,0.0,1586884924,59.0,-22.96,14.51,19.0,4.6
490.0,Vestmannaeyjar,75.0,1586884924,72.0,63.44,-20.27,4.0,7.7
491.0,Rengāli,2.0,1586884924,23.0,21.63,84.05,27.87,1.73
492.0,Orán,99.0,1586884766,52.0,-23.13,-64.33,25.56,0.45
493.0,Kendari,100.0,1586884924,90.0,-3.94,122.5,24.25,1.18
494.0,Sol'vychegodsk,99.0,1586884925,86.0,61.33,46.92,2.91,4.77
495.0,Boende,52.0,1586884925,66.0,-0.22,20.87,26.79,0.38
496.0,Bandiagara,15.0,1586884925,12.0,14.35,-3.61,37.69,0.56
497.0,Vanavara,0.0,1586884925,80.0,60.34,102.28,1.12,0.76
498.0,Khalkhāl,3.0,1586884925,35.0,37.62,48.53,2.4,0.46
499.0,Iralaya,40.0,1586884926,66.0,15.0,-83.23,32.0,3.6
500.0,Chipinge,0.0,1586884926,50.0,-20.19,32.62,19.22,3.07
501.0,Khandyga,23.0,1586884926,89.0,62.67,135.6,-10.38,1.32
502.0,Pochutla,75.0,1586884926,43.0,15.74,-96.47,33.33,5.1
503.0,Kitui,100.0,1586884926,68.0,-1.37,38.01,20.04,0.99
504.0,Matara,25.0,1586884926,86.0,5.95,80.54,25.96,1.91
505.0,General Roca,91.0,1586884927,30.0,-39.03,-67.58,22.0,1.5
506.0,São Mateus,84.0,1586884871,74.0,-18.72,-39.86,26.31,3.81
507.0,Temirtau,40.0,1586884927,93.0,50.05,72.95,2.0,2.0
508.0,Asău,75.0,1586884927,100.0,46.43,26.4,2.22,7.2
509.0,Newtownards,18.0,1586884927,51.0,54.59,-5.69,15.0,1.5
510.0,Molchanovo,68.0,1586884928,93.0,57.58,83.77,3.21,1.12
511.0,La Ronge,5.0,1586884928,55.0,55.1,-105.28,-12.0,1.5
512.0,Mitsamiouli,30.0,1586884928,75.0,-11.38,43.28,28.92,3.0
513.0,Zabid,52.0,1586884928,70.0,14.2,43.32,28.86,3.21
514.0,Kingsland,90.0,1586884820,88.0,30.8,-81.69,25.56,5.7
515.0,Nemuro,91.0,1586884928,93.0,43.32,145.57,0.06,9.23
516.0,Pangkalanbuun,33.0,1586884929,88.0,-2.68,111.62,25.45,0.68
517.0,Pangoa,67.0,1586884929,68.0,-12.12,-73.0,26.47,1.11
518.0,Aden,32.0,1586884720,74.0,12.78,45.04,28.47,6.46
519.0,Red Bluff,1.0,1586884929,23.0,40.18,-122.24,20.0,6.7
520.0,Mandera,89.0,1586884929,10.0,3.94,41.87,31.11,0.45
521.0,Kintampo,53.0,1586884929,42.0,8.06,-1.73,32.76,1.26
522.0,Beian,90.0,1586884929,100.0,63.66,9.57,6.67,11.8
523.0,Itarema,60.0,1586884930,68.0,-2.92,-39.92,29.19,3.03
524.0,Cayenne,88.0,1586884930,58.0,4.93,-52.33,30.0,4.1
525.0,El Tigre,4.0,1586884930,18.0,8.89,-64.25,35.51,4.61
526.0,Tiarei,75.0,1586884930,78.0,-17.53,-149.33,27.0,1.0
527.0,Chalmette,90.0,1586884930,82.0,29.94,-89.96,19.44,4.1
528.0,Ust'-Abakan,84.0,1586884930,100.0,53.85,91.37,6.0,1.0
529.0,Pekan,20.0,1586884931,88.0,3.48,103.4,26.0,1.0
530.0,Hailar,77.0,1586884931,46.0,49.2,119.7,4.45,6.3
531.0,Minot,75.0,1586884708,57.0,48.23,-101.3,-3.89,3.6
532.0,Moskovskiy,100.0,1586884931,64.0,55.6,37.35,6.11,3.0
533.0,Miandrivazo,4.0,1586884931,65.0,-19.52,45.47,27.49,0.35
534.0,Polunochnoye,100.0,1586884931,92.0,60.87,60.42,2.63,2.87
535.0,Acajutla,20.0,1586884932,58.0,13.59,-89.83,30.0,3.78
536.0,Pechenga,75.0,1586884932,93.0,69.53,31.17,1.0,4.1
537.0,Belawan,40.0,1586884932,94.0,3.78,98.68,26.0,1.5
538.0,Meulaboh,100.0,1586884932,79.0,4.14,96.13,26.36,1.38
539.0,Chernyshevskiy,85.0,1586884932,89.0,63.01,112.47,-1.15,2.17
540.0,Morón,40.0,1586884932,52.0,-34.65,-58.62,20.56,6.2
541.0,Changde,0.0,1586884933,71.0,29.05,111.68,15.28,2.1
542.0,Camabatela,99.0,1586884933,69.0,-8.19,15.38,19.74,0.5
543.0,Ransang,0.0,1586884933,70.0,8.96,117.58,26.18,1.5
544.0,Sibu,75.0,1586884933,94.0,2.3,111.82,26.0,0.49
545.0,Shirokiy,0.0,1586884933,73.0,49.76,129.52,1.93,2.72
546.0,Broken Hill,39.0,1586884934,36.0,-31.95,141.43,16.0,4.1
547.0,Collipulli,90.0,1586884934,37.0,-37.95,-72.43,20.0,2.6
548.0,Verkhniy Baskunchak,99.0,1586884934,46.0,48.23,46.72,10.85,7.58
549.0,Kailua,90.0,1586884934,100.0,21.4,-157.74,21.0,1.5
550.0,Camopi,100.0,1586884934,73.0,3.17,-52.32,27.01,0.82
551.0,Sandwick,100.0,1586884934,87.0,60.0,-1.25,8.0,12.3
552.0,Lasem,45.0,1586884935,76.0,-6.69,111.45,27.11,0.52
553.0,Quelimane,40.0,1586884935,83.0,-17.88,36.89,28.0,4.6
554.0,Kalispell,75.0,1586884935,42.0,48.2,-114.31,7.78,4.6
555.0,Agüimes,75.0,1586884935,60.0,27.91,-15.45,22.0,6.7
556.0,Burgeo,100.0,1586884935,96.0,47.62,-57.62,4.17,7.22
557.0,Cap-aux-Meules,75.0,1586884935,70.0,47.38,-61.86,9.0,10.8
558.0,San Cristobal,40.0,1586884936,49.0,7.77,-72.22,32.0,3.6
559.0,Adwa,77.0,1586884936,19.0,14.16,38.9,22.02,2.77
560.0,Barra do Garças,80.0,1586884936,52.0,-15.89,-52.26,31.62,0.83
561.0,Tazovsky,0.0,1586884936,92.0,67.47,78.7,-12.8,3.84
562.0,Ajdabiya,19.0,1586884936,19.0,30.76,20.23,27.29,5.69
563.0,Majene,100.0,1586884936,78.0,-3.54,118.97,25.63,1.05
564.0,Waingapu,77.0,1586884936,79.0,-9.66,120.26,26.42,1.71
565.0,Drexel Heights,1.0,1586884937,34.0,32.14,-111.03,21.67,1.5
566.0,Tautira,75.0,1586884937,78.0,-17.73,-149.15,27.0,1.0
567.0,Bragança,100.0,1586884937,97.0,-1.05,-46.77,23.54,1.32
568.0,Haikou,40.0,1586884937,73.0,20.05,110.34,22.0,2.0
569.0,Tymovskoye,85.0,1586884938,95.0,50.85,142.66,-2.91,2.38
570.0,Nishihara,75.0,1586884938,55.0,26.18,127.76,19.0,0.56
571.0,Nouakchott,72.0,1586884778,57.0,18.09,-15.98,25.0,9.8
572.0,Orsha,75.0,1586884938,52.0,54.52,30.41,6.0,6.0
573.0,Níjar,75.0,1586884939,68.0,36.97,-2.21,20.0,3.6
574.0,Contamana,27.0,1586884939,37.0,-7.33,-75.02,34.2,3.49
575.0,Torremolinos,20.0,1586884851,77.0,36.62,-4.5,18.0,3.6
576.0,Ahipara,68.0,1586884939,72.0,-35.17,173.17,15.33,7.39
577.0,Necochea,0.0,1586884939,66.0,-38.55,-58.74,19.44,4.92
578.0,Carutapera,100.0,1586884939,95.0,-1.2,-46.02,24.04,2.9
